district,state,year,rainfall_mm,wheat_production_t
Karnal,Haryana,2020,666.9,101442
Karnal,Haryana,2021,547.6,94689
Karnal,Haryana,2022,617.8,101931
Karnal,Haryana,2023,786.2,116886
Karnal,Haryana,2024,688.0,112132
Karnal,Haryana,2025,828.4,125261
Kaithal,Haryana,2020,596.6,89138
Kaithal,Haryana,2021,489.8,83198
Kaithal,Haryana,2022,552.6,89562
Kaithal,Haryana,2023,703.4,102714
Kaithal,Haryana,2024,615.4,98527
Kaithal,Haryana,2025,741.0,110063
Kurukshetra,Haryana,2020,652.5,94950
Kurukshetra,Haryana,2021,535.8,88631
Kurukshetra,Haryana,2022,604.4,95403
Kurukshetra,Haryana,2023,769.3,109410
Kurukshetra,Haryana,2024,673.1,104953
Kurukshetra,Haryana,2025,810.5,117244
Hisar,Haryana,2020,444.6,71492
Hisar,Haryana,2021,365.0,66728
Hisar,Haryana,2022,411.8,71832
Hisar,Haryana,2023,524.2,82382
Hisar,Haryana,2024,458.6,79021
Hisar,Haryana,2025,552.2,88274
Rohtak,Haryana,2020,535.3,78392
Rohtak,Haryana,2021,439.5,73171
Rohtak,Haryana,2022,495.9,78771
Rohtak,Haryana,2023,631.1,90330
Rohtak,Haryana,2024,552.2,86651
Rohtak,Haryana,2025,664.9,96797
Sirsa,Haryana,2020,416.2,67009
Sirsa,Haryana,2021,341.7,62544
Sirsa,Haryana,2022,385.5,67327
Sirsa,Haryana,2023,490.6,77207
Sirsa,Haryana,2024,429.3,74066
Sirsa,Haryana,2025,516.9,82737
Panipat,Haryana,2020,586.7,84506
Panipat,Haryana,2021,481.7,78877
Panipat,Haryana,2022,543.5,84913
Panipat,Haryana,2023,691.7,97375
Panipat,Haryana,2024,605.3,93414
Panipat,Haryana,2025,728.8,104350
Jind,Haryana,2020,551.0,81106
Jind,Haryana,2021,452.4,75704
Jind,Haryana,2022,510.4,81495
Jind,Haryana,2023,649.6,93457
Jind,Haryana,2024,568.4,89651
Jind,Haryana,2025,684.4,100148
Ambala,Haryana,2020,694.7,97578
Ambala,Haryana,2021,570.4,91080
Ambala,Haryana,2022,643.5,98045
Ambala,Haryana,2023,819.0,112436
Ambala,Haryana,2024,716.6,107856
Ambala,Haryana,2025,862.9,120488
Bhiwani,Haryana,2020,434.3,60417
Bhiwani,Haryana,2021,356.6,56394
Bhiwani,Haryana,2022,402.3,60706
Bhiwani,Haryana,2023,512.0,69615
Bhiwani,Haryana,2024,448.0,66781
Bhiwani,Haryana,2025,539.4,74598
HISAR,Haryana,2023,610.2,91500
hisar ,Haryana,2024,520.5,80200
Karnal,Haryana,2023,801.1,112340
Kaithal,Haryana,2022,-45.0,88000
Sirsa,Haryana,2021,₹480 lakh,66500
Jind,Haryana,2024,590.3,
,Haryana,2025,500.0,70000
Karnal,Haryana,2020,666.9,101442
Kurukshetra,Haryana,2023,769.3,109410
