manufacturer,year,country,sales_units
Tata Motors,2022,India,24000
Tata Motors,2023,India,32160
Tata Motors,2024,India,43094
Tata Motors,2025,India,57746
MG Motor,2022,India,8000
MG Motor,2023,India,9440
MG Motor,2024,India,11139
MG Motor,2025,India,13144
Mahindra,2022,India,9500
Mahindra,2023,India,13395
Mahindra,2024,India,18887
Mahindra,2025,India,26631
Hyundai,2022,India,6800
Hyundai,2023,India,8296
Hyundai,2024,India,10121
Hyundai,2025,India,12348
BYD India,2022,India,1500
BYD India,2023,India,2325
BYD India,2024,India,3604
BYD India,2025,India,5586
Ashok Leyland,2022,India,3100
Ashok Leyland,2023,India,3472
Ashok Leyland,2024,India,3889
Ashok Leyland,2025,India,4355
Ola Electric,2022,India,4100
Ola Electric,2023,India,5248
Ola Electric,2024,India,6717
Ola Electric,2025,India,8598
TESLA,2024,India,5200
Tata Motors Inc.,2025,India,58000
tata motors,2023,India,31000
Mahindra,2024,India,-800
Hyundai,2023,India,₹6.8k
BYD India,2022,India,
Tata Motors,2022,India,24000
